question_t,answer_t,type_doc_t
how do i create a customer part number,customer part numbers within the sales workbench 04032019,train
how can we create a customer part number,customer part numbers within the sales workbench 04032019,train
how can you create a customer part number,customer part numbers within the sales workbench 04032019,train
how can i create a customer part number,customer part numbers within the sales workbench 04032019,train
how can we create a customer part number,customer part numbers within the sales workbench 04032019,train
how can you create a customer part number,customer part numbers within the sales workbench 04032019,train
how can i create a customer part number,customer part numbers within the sales workbench 04032019,train
create a customer part number,customer part numbers within the sales workbench 04032019,train
how do i create a cpn,customer part numbers within the sales workbench 04032019,train
how can we create a cpn,customer part numbers within the sales workbench 04032019,train
how can you create a cpn,customer part numbers within the sales workbench 04032019,train
how can i create a cpn,customer part numbers within the sales workbench 04032019,train
how can we create a cpn,customer part numbers within the sales workbench 04032019,train
how can you create a cpn,customer part numbers within the sales workbench 04032019,train
how can i create a cpn,customer part numbers within the sales workbench 04032019,train
create a cpn,customer part numbers within the sales workbench 04032019,train
how do i create a back to back order,common pick release errors and correction,train
how can we create a back to back order,common pick release errors and correction,train
how can you create a back to back order,common pick release errors and correction,train
how can i create a back to back order,common pick release errors and correction,train
how can we create a back to back order,common pick release errors and correction,train
how can you create a back to back order,common pick release errors and correction,train
how can i create a back to back order,common pick release errors and correction,train
create a back to back order,common pick release errors and correction,train
how do i create b2b order,common pick release errors and correction,train
how can we create b2b order,common pick release errors and correction,train
how can you create b2b order,common pick release errors and correction,train
how can i create b2b order,common pick release errors and correction,train
how can we create b2b order,common pick release errors and correction,train
how can you create b2b order,common pick release errors and correction,train
how can i create b2b order,common pick release errors and correction,train
create b2b order,common pick release errors and correction,train
how do i modify a back to back order,back to back line modifications,train
how can we modify a back to back order,back to back line modifications,train
how can you modify a back to back order,back to back line modifications,train
how can i modify a back to back order,back to back line modifications,train
how can we modify a back to back order,back to back line modifications,train
how can you modify a back to back order,back to back line modifications,train
how can i modify a back to back order,back to back line modifications,train
modify a back to back order,back to back line modifications,train
how do i enter an rma,returned material authorization (rma) customer referenced,train
how can we enter an rma,returned material authorization (rma) customer referenced,train
how can you enter an rma,returned material authorization (rma) customer referenced,train
how can i enter an rma,returned material authorization (rma) customer referenced,train
how can we enter an rma,returned material authorization (rma) customer referenced,train
how can you enter an rma,returned material authorization (rma) customer referenced,train
how can i enter an rma,returned material authorization (rma) customer referenced,train
enter an rma,returned material authorization (rma) customer referenced,train
how do i enter a return order,returned material authorization (rma) customer referenced,train
how can we enter a return order,returned material authorization (rma) customer referenced,train
how can you enter a return order,returned material authorization (rma) customer referenced,train
how can i enter a return order,returned material authorization (rma) customer referenced,train
how can we enter a return order,returned material authorization (rma) customer referenced,train
how can you enter a return order,returned material authorization (rma) customer referenced,train
how can i enter a return order,returned material authorization (rma) customer referenced,train
enter a return order,returned material authorization (rma) customer referenced,train
how do i enter a credit card on a sales order,credit card orders,train
how can we enter a credit card on a sales order,credit card orders,train
how can you enter a credit card on a sales order,credit card orders,train
how can i enter a credit card on a sales order,credit card orders,train
how can we enter a credit card on a sales order,credit card orders,train
how can you enter a credit card on a sales order,credit card orders,train
how can i enter a credit card on a sales order,credit card orders,train
enter a credit card on a sales order,credit card orders,train
how do i enter a vendor return order,vendor return order with po reference 05072019,train
how can we enter a vendor return order,vendor return order with po reference 05072019,train
how can you enter a vendor return order,vendor return order with po reference 05072019,train
how can i enter a vendor return order,vendor return order with po reference 05072019,train
how can we enter a vendor return order,vendor return order with po reference 05072019,train
how can you enter a vendor return order,vendor return order with po reference 05072019,train
how can i enter a vendor return order,vendor return order with po reference 05072019,train
enter a vendor return order,vendor return order with po reference 05072019,train
how do i enter a vendor return order,vendor return order without po reference 05072019,train
how can we enter a vendor return order,vendor return order without po reference 05072019,train
how can you enter a vendor return order,vendor return order without po reference 05072019,train
how can i enter a vendor return order,vendor return order without po reference 05072019,train
how can we enter a vendor return order,vendor return order without po reference 05072019,train
how can you enter a vendor return order,vendor return order without po reference 05072019,train
how can i enter a vendor return order,vendor return order without po reference 05072019,train
enter a vendor return order,vendor return order without po reference 05072019,train
how do i enter a vendor return order with po reference,vendor return order with po reference 05072019,train
how can we enter a vendor return order with po reference,vendor return order with po reference 05072019,train
how can you enter a vendor return order with po reference,vendor return order with po reference 05072019,train
how can i enter a vendor return order with po reference,vendor return order with po reference 05072019,train
how can we enter a vendor return order with po reference,vendor return order with po reference 05072019,train
how can you enter a vendor return order with po reference,vendor return order with po reference 05072019,train
how can i enter a vendor return order with po reference,vendor return order with po reference 05072019,train
enter a vendor return order with po reference,vendor return order with po reference 05072019,train
how do i enter a vendor return order with po,vendor return order with po reference 05072019,train
how can we enter a vendor return order with po,vendor return order with po reference 05072019,train
how can you enter a vendor return order with po,vendor return order with po reference 05072019,train
how can i enter a vendor return order with po,vendor return order with po reference 05072019,train
how can we enter a vendor return order with po,vendor return order with po reference 05072019,train
how can you enter a vendor return order with po,vendor return order with po reference 05072019,train
how can i enter a vendor return order with po,vendor return order with po reference 05072019,train
enter a vendor return order with po,vendor return order with po reference 05072019,train
how do i enter a vendor return order with non po reference,vendor return order without po reference 05072019,train
how can we enter a vendor return order with non po reference,vendor return order without po reference 05072019,train
how can you enter a vendor return order with non po reference,vendor return order without po reference 05072019,train
how can i enter a vendor return order with non po reference,vendor return order without po reference 05072019,train
how can we enter a vendor return order with non po reference,vendor return order without po reference 05072019,train
how can you enter a vendor return order with non po reference,vendor return order without po reference 05072019,train
how can i enter a vendor return order with non po reference,vendor return order without po reference 05072019,train
enter a vendor return order with non po reference,vendor return order without po reference 05072019,train
how do i enter a vendor return order with non po,vendor return order without po reference 05072019,train
how can we enter a vendor return order with non po,vendor return order without po reference 05072019,train
how can you enter a vendor return order with non po,vendor return order without po reference 05072019,train
how can i enter a vendor return order with non po,vendor return order without po reference 05072019,train
how can we enter a vendor return order with non po,vendor return order without po reference 05072019,train
how can you enter a vendor return order with non po,vendor return order without po reference 05072019,train
how can i enter a vendor return order with non po,vendor return order without po reference 05072019,train
enter a vendor return order with non po,vendor return order without po reference 05072019,train
how do i add an isr to a customer,adding an isr or osr to an existing bill to address,train
how can we add an isr to a customer,adding an isr or osr to an existing bill to address,train
how can you add an isr to a customer,adding an isr or osr to an existing bill to address,train
how can i add an isr to a customer,adding an isr or osr to an existing bill to address,train
how can we add an isr to a customer,adding an isr or osr to an existing bill to address,train
how can you add an isr to a customer,adding an isr or osr to an existing bill to address,train
how can i add an isr to a customer,adding an isr or osr to an existing bill to address,train
add an isr to a customer,adding an isr or osr to an existing bill to address,train
how do i add an osr to a customer,adding an isr or osr to an existing bill to address,train
how can we add an osr to a customer,adding an isr or osr to an existing bill to address,train
how can you add an osr to a customer,adding an isr or osr to an existing bill to address,train
how can i add an osr to a customer,adding an isr or osr to an existing bill to address,train
how can we add an osr to a customer,adding an isr or osr to an existing bill to address,train
how can you add an osr to a customer,adding an isr or osr to an existing bill to address,train
how can i add an osr to a customer,adding an isr or osr to an existing bill to address,train
add an osr to a customer,adding an isr or osr to an existing bill to address,train
floor price is breached warning,holds,train
how do i source material from wesnet location,sourcing material from wesnet locations,train
how can we source material from wesnet location,sourcing material from wesnet locations,train
how can you source material from wesnet location,sourcing material from wesnet locations,train
how can i source material from wesnet location,sourcing material from wesnet locations,train
how can we source material from wesnet location,sourcing material from wesnet locations,train
how can you source material from wesnet location,sourcing material from wesnet locations,train
how can i source material from wesnet location,sourcing material from wesnet locations,train
source material from wesnet location,sourcing material from wesnet locations,train
how do i source material from wesnet location,swb sourcing material from another location 04022019,train
how can we source material from wesnet location,swb sourcing material from another location 04022019,train
how can you source material from wesnet location,swb sourcing material from another location 04022019,train
how can i source material from wesnet location,swb sourcing material from another location 04022019,train
how can we source material from wesnet location,swb sourcing material from another location 04022019,train
how can you source material from wesnet location,swb sourcing material from another location 04022019,train
how can i source material from wesnet location,swb sourcing material from another location 04022019,train
source material from wesnet location,swb sourcing material from another location 04022019,train
delivery number not created,common pick release errors and correction,train
what is a sample block,common pick release errors and correction,train
how do i generate a sales order acknowledgement,quote and order acknowledgement transmission 04032019,train
how can we generate a sales order acknowledgement,quote and order acknowledgement transmission 04032019,train
how can you generate a sales order acknowledgement,quote and order acknowledgement transmission 04032019,train
how can i generate a sales order acknowledgement,quote and order acknowledgement transmission 04032019,train
how can we generate a sales order acknowledgement,quote and order acknowledgement transmission 04032019,train
how can you generate a sales order acknowledgement,quote and order acknowledgement transmission 04032019,train
how can i generate a sales order acknowledgement,quote and order acknowledgement transmission 04032019,train
generate a sales order acknowledgement,quote and order acknowledgement transmission 04032019,train
how do i generate a quote acknowledgement,quote and order acknowledgement transmission 04032019,train
how can we generate a quote acknowledgement,quote and order acknowledgement transmission 04032019,train
how can you generate a quote acknowledgement,quote and order acknowledgement transmission 04032019,train
how can i generate a quote acknowledgement,quote and order acknowledgement transmission 04032019,train
how can we generate a quote acknowledgement,quote and order acknowledgement transmission 04032019,train
how can you generate a quote acknowledgement,quote and order acknowledgement transmission 04032019,train
how can i generate a quote acknowledgement,quote and order acknowledgement transmission 04032019,train
generate a quote acknowledgement,quote and order acknowledgement transmission 04032019,train
how do i create order header level notes,note lines in the swb,train
how can we create order header level notes,note lines in the swb,train
how can you create order header level notes,note lines in the swb,train
how can i create order header level notes,note lines in the swb,train
how can we create order header level notes,note lines in the swb,train
how can you create order header level notes,note lines in the swb,train
how can i create order header level notes,note lines in the swb,train
create order header level notes,note lines in the swb,train
how do i create order line level notes,note lines in the swb,train
how can we create order line level notes,note lines in the swb,train
how can you create order line level notes,note lines in the swb,train
how can i create order line level notes,note lines in the swb,train
how can we create order line level notes,note lines in the swb,train
how can you create order line level notes,note lines in the swb,train
how can i create order line level notes,note lines in the swb,train
create order line level notes,note lines in the swb,train
how do i enter freight on a ds line,ds is an abbreviation for drop ship,train
how can we enter freight on a ds line,ds is an abbreviation for drop ship,train
how can you enter freight on a ds line,ds is an abbreviation for drop ship,train
how can i enter freight on a ds line,ds is an abbreviation for drop ship,train
how can we enter freight on a ds line,ds is an abbreviation for drop ship,train
how can you enter freight on a ds line,ds is an abbreviation for drop ship,train
how can i enter freight on a ds line,ds is an abbreviation for drop ship,train
enter freight on a ds line,ds is an abbreviation for drop ship,train
how do i enter freight on a drop ship line,ds is an abbreviation for drop ship,train
how can we enter freight on a drop ship line,ds is an abbreviation for drop ship,train
how can you enter freight on a drop ship line,ds is an abbreviation for drop ship,train
how can i enter freight on a drop ship line,ds is an abbreviation for drop ship,train
how can we enter freight on a drop ship line,ds is an abbreviation for drop ship,train
how can you enter freight on a drop ship line,ds is an abbreviation for drop ship,train
how can i enter freight on a drop ship line,ds is an abbreviation for drop ship,train
enter freight on a drop ship line,ds is an abbreviation for drop ship,train
how do i copy an order,copy orders order lines,train
how can we copy an order,copy orders order lines,train
how can you copy an order,copy orders order lines,train
how can i copy an order,copy orders order lines,train
how can we copy an order,copy orders order lines,test
how can we copy an order,copy orders order lines,test
how can we copy an order,copy orders order lines,test
how can we copy an order,copy orders order lines,test
how can you copy an order,copy orders order lines,test
how can you copy an order,copy orders order lines,test
how can you copy an order,copy orders order lines,test
how can you copy an order,copy orders order lines,test
how can i copy an order,copy orders order lines,test
how can i copy an order,copy orders order lines,test
how can i copy an order,copy orders order lines,test
how can i copy an order,copy orders order lines,test
copy an order,copy orders order lines,test
copy an order,copy orders order lines,test
copy an order,copy orders order lines,test
copy an order,copy orders order lines,test
copy order lines,copy orders order lines,test
what can we copy order lines,copy orders order lines,test
how should we copy order lines,copy orders order lines,test
how could we copy order lines,copy orders order lines,test
how can we copy order lines,copy orders order lines,test
how can we copy order lines,copy orders order lines,test
how can we copy order lines,copy orders order lines,test
how can we copy order lines,copy orders order lines,test
how can you copy order lines,copy orders order lines,test
how can you copy order lines,copy orders order lines,test
how can you copy order lines,copy orders order lines,test
how can you copy order lines,copy orders order lines,test
how can i copy order lines,copy orders order lines,test
how can i copy order lines,copy orders order lines,test
how can i copy order lines,copy orders order lines,test
how can i copy order lines,copy orders order lines,test
copy order lines,copy orders order lines,test
copy order lines,copy orders order lines,test
copy order lines,copy orders order lines,test
copy order lines,copy orders order lines,test
create an assemble and hold order,assemble and hold or manual hold,test
what can we create an assemble and hold order,assemble and hold or manual hold,test
how should we create an assemble and hold order,assemble and hold or manual hold,test
how could we create an assemble and hold order,assemble and hold or manual hold,test
how can we create an assemble and hold order,assemble and hold or manual hold,test
how can we create an assemble and hold order,assemble and hold or manual hold,test
how can we create an assemble and hold order,assemble and hold or manual hold,test
how can we create an assemble and hold order,assemble and hold or manual hold,test
how can you create an assemble and hold order,assemble and hold or manual hold,test
how can you create an assemble and hold order,assemble and hold or manual hold,test
how can you create an assemble and hold order,assemble and hold or manual hold,test
how can you create an assemble and hold order,assemble and hold or manual hold,test
how can i create an assemble and hold order,assemble and hold or manual hold,test
how can i create an assemble and hold order,assemble and hold or manual hold,test
how can i create an assemble and hold order,assemble and hold or manual hold,test
how can i create an assemble and hold order,assemble and hold or manual hold,test
create an assemble and hold order,assemble and hold or manual hold,test
create an assemble and hold order,assemble and hold or manual hold,test
create an assemble and hold order,assemble and hold or manual hold,test
create an assemble and hold order,assemble and hold or manual hold,test
cancel a po requisition,cancelling  a purchasing requisition prior to po creation,test
what can we cancel a po requisition,cancelling  a purchasing requisition prior to po creation,test
how should we cancel a po requisition,cancelling  a purchasing requisition prior to po creation,test
how could we cancel a po requisition,cancelling  a purchasing requisition prior to po creation,test
how can we cancel a po requisition,cancelling  a purchasing requisition prior to po creation,test
how can we cancel a po requisition,cancelling  a purchasing requisition prior to po creation,test
how can we cancel a po requisition,cancelling  a purchasing requisition prior to po creation,test
how can we cancel a po requisition,cancelling  a purchasing requisition prior to po creation,test
how can you cancel a po requisition,cancelling  a purchasing requisition prior to po creation,test
how can you cancel a po requisition,cancelling  a purchasing requisition prior to po creation,test
how can you cancel a po requisition,cancelling  a purchasing requisition prior to po creation,test
how can you cancel a po requisition,cancelling  a purchasing requisition prior to po creation,test
how can i cancel a po requisition,cancelling  a purchasing requisition prior to po creation,test
how can i cancel a po requisition,cancelling  a purchasing requisition prior to po creation,test
how can i cancel a po requisition,cancelling  a purchasing requisition prior to po creation,test
how can i cancel a po requisition,cancelling  a purchasing requisition prior to po creation,test
cancel a po requisition,cancelling  a purchasing requisition prior to po creation,test
cancel a po requisition,cancelling  a purchasing requisition prior to po creation,test
cancel a po requisition,cancelling  a purchasing requisition prior to po creation,test
cancel a po requisition,cancelling  a purchasing requisition prior to po creation,test
convert a quote to an order,acceptance of quote lines and conversion to order,test
what can we convert a quote to an order,acceptance of quote lines and conversion to order,test
how should we convert a quote to an order,acceptance of quote lines and conversion to order,test
how could we convert a quote to an order,acceptance of quote lines and conversion to order,test
how can we convert a quote to an order,acceptance of quote lines and conversion to order,test
how can we convert a quote to an order,acceptance of quote lines and conversion to order,test
how can we convert a quote to an order,acceptance of quote lines and conversion to order,test
how can we convert a quote to an order,acceptance of quote lines and conversion to order,test
how can you convert a quote to an order,acceptance of quote lines and conversion to order,test
how can you convert a quote to an order,acceptance of quote lines and conversion to order,test
how can you convert a quote to an order,acceptance of quote lines and conversion to order,test
how can you convert a quote to an order,acceptance of quote lines and conversion to order,test
how can i convert a quote to an order,acceptance of quote lines and conversion to order,test
how can i convert a quote to an order,acceptance of quote lines and conversion to order,test
how can i convert a quote to an order,acceptance of quote lines and conversion to order,test
how can i convert a quote to an order,acceptance of quote lines and conversion to order,test
convert a quote to an order,acceptance of quote lines and conversion to order,test
convert a quote to an order,acceptance of quote lines and conversion to order,test
convert a quote to an order,acceptance of quote lines and conversion to order,test
convert a quote to an order,acceptance of quote lines and conversion to order,test
create a new ship to address,creating new customer ship to addresses,test
what can we create a new ship to address,creating new customer ship to addresses,test
how should we create a new ship to address,creating new customer ship to addresses,test
how could we create a new ship to address,creating new customer ship to addresses,test
how can we create a new ship to address,creating new customer ship to addresses,test
how can we create a new ship to address,creating new customer ship to addresses,test
how can we create a new ship to address,creating new customer ship to addresses,test
how can we create a new ship to address,creating new customer ship to addresses,test
how can you create a new ship to address,creating new customer ship to addresses,test
how can you create a new ship to address,creating new customer ship to addresses,test
how can you create a new ship to address,creating new customer ship to addresses,test
how can you create a new ship to address,creating new customer ship to addresses,test
how can i create a new ship to address,creating new customer ship to addresses,test
how can i create a new ship to address,creating new customer ship to addresses,test
how can i create a new ship to address,creating new customer ship to addresses,test
how can i create a new ship to address,creating new customer ship to addresses,test
create a new ship to address,creating new customer ship to addresses,test
create a new ship to address,creating new customer ship to addresses,test
create a new ship to address,creating new customer ship to addresses,test
create a new ship to address,creating new customer ship to addresses,test
how to enter credit card orders,credit card orders,test
how to enter credit card orders,credit card orders,test
how to enter credit card orders,credit card orders,test
how to enter credit card orders,credit card orders,test
